trees,processes,time,SpeedUp,Efficiency
3,16,1.037,0.006750241080038573,0.0004218900675024108
6,16,1.038,0.007707129094412331,0.0004816955684007707
15,16,1.038,0.030828516377649325,0.0019267822736030828
20,16,1.038,0.968208092485549,0.06051300578034681
25,16,3.04,12.157236842105263,0.7598273026315789
27,16,11.047,13.83524938897438,0.8647030868108988
