trees,processes,time,SpeedUp,Efficiency
3,32,1.044,0.006704980842911877,0.00020953065134099615
6,32,1.047,0.0076408787010506215,0.00023877745940783192
15,32,1.045,0.030622009569377995,0.0009569377990430623
20,32,1.045,0.9617224880382774,0.03005382775119617
25,32,2.046,18.063538611925708,0.5644855816226784
27,32,6.051,25.2583044124938,0.7893220128904312
