trees,processes,time,SpeedUp,Efficiency
3,8,1.036,0.006756756756756756,0.0008445945945945945
6,8,1.035,0.007729468599033817,0.0009661835748792271
15,8,1.035,0.03091787439613527,0.0038647342995169085
20,8,1.034,0.9719535783365569,0.12149419729206962
25,8,6.039,6.119887398575923,0.7649859248219903
27,8,21.057,7.258298902977632,0.907287362872204
