trees,processes,time,SpeedUp,Efficiency
3,2,0.011000000000000001,0.6363636363636362,0.3181818181818181
6,2,0.013000000000000001,0.6153846153846153,0.30769230769230765
15,2,0.03,1.0666666666666667,0.5333333333333333
20,2,0.525,1.914285714285714,0.957142857142857
25,2,19.615,1.8841702778485854,0.9420851389242927
27,2,79.077,1.9327743844607155,0.9663871922303577
