trees,processes,time,SpeedUp,Efficiency
3,4,0.018000000000000002,0.3888888888888888,0.0972222222222222
6,4,0.021,0.38095238095238093,0.09523809523809523
15,4,0.025,1.28,0.32
20,4,0.276,3.6413043478260865,0.9103260869565216
25,4,10.171,3.633664339789598,0.9084160849473994
27,4,40.119,3.8096163912360725,0.9524040978090181
