trees,processes,time,SpeedUp,Efficiency
25,1,36.958,,
25,2,19.615,1.8841702778485854,0.9420851389242927
25,4,10.171,3.633664339789598,0.9084160849473994
25,8,6.039,6.119887398575923,0.7649859248219903
25,16,3.04,12.157236842105263,0.7598273026315789
25,32,2.046,18.063538611925708,0.5644855816226784
