trees,cores,time
3,1,0.003
3,2,0.012
3,4,0.022
3,8,0.118
3,16,0.123
3,32,0.162
6,1,0.004
6,2,0.012
6,4,0.022
6,8,0.068
6,16,0.146
6,32,0.156
15,1,0.028
15,2,0.048
15,4,0.074
15,8,0.139
15,16,0.156
15,32,0.186
20,1,0.98
20,2,1.048
20,4,1.099
20,8,0.647
20,16,0.38899999999999996
20,32,0.288
25,1,37.514
25,2,38.467000000000006
25,4,40.32
25,8,20.516
25,16,10.454
25,32,5.6770000000000005
27,1,149.98600000000002
27,2,157.14000000000001
27,4,161.84900000000002
27,8,82.04
27,16,41.405
27,32,21.187
