trees,processes,time,SpeedUp,Efficiency
3,16,1.04,0.007692307692307692,0.00048076923076923074
6,16,1.037,0.006750241080038573,0.0004218900675024108
15,16,1.037,0.030858244937319194,0.0019286403085824497
20,16,1.038,0.9470134874759152,0.0591883429672447
25,16,3.04,12.348026315789472,0.771751644736842
27,16,11.048,13.58372556118754,0.8489828475742213
