trees,processes,time,SpeedUp,Efficiency
3,32,1.043,0.007670182166826463,0.00023969319271332696
6,32,1.047,0.006685768863419293,0.0002089302769818529
15,32,1.042,0.030710172744721688,0.0009596928982725527
20,32,1.044,0.9415708812260536,0.029424090038314175
25,32,2.044,18.36497064579256,0.5739053326810175
27,32,6.047999999999999,24.8136574074074,0.7754267939814813
