trees,processes,time,SpeedUp,Efficiency
3,4,0.012,0.6666666666666666,0.16666666666666666
6,4,0.011,0.6363636363636364,0.1590909090909091
15,4,0.024,1.3333333333333333,0.3333333333333333
20,4,0.281,3.4982206405693947,0.8745551601423487
25,4,10.094,3.7188428769566078,0.9297107192391519
27,4,40.49800000000001,3.705689169835545,0.9264222924588863
