trees,processes,time,SpeedUp,Efficiency
3,1,0.008,,
6,1,0.006999999999999999,,
15,1,0.032,,
20,1,0.983,,
25,1,37.538,,
27,1,150.07299999999995,,
