trees,processes,time,SpeedUp,Efficiency
3,8,1.036,0.007722007722007722,0.0009652509652509653
6,8,1.035,0.006763285024154589,0.0008454106280193236
20,8,1.035,0.9497584541062802,0.11871980676328503
15,8,1.038,0.030828516377649325,0.0038535645472061657
25,8,6.039,6.215929789700281,0.7769912237125352
27,8,21.054,7.128004179728316,0.8910005224660394
